codigo,placa,linha,latitude,longitude,dataHora,velocidade,id_migracao_trajeto,sentido,trajeto,hodometro,direcao
901008,,22,-23.000715,-43.366197,2023-07-23 17:26:37,0.0,,ida,22 - ALVORADA X J. OCEÂNICO (PARADOR) [IDA],22273.5, 
901011,RIV8A74,22,-23.000904,-43.366204,2023-07-23 08:16:30,0.0,,ida,22 - ALVORADA X J. OCEÂNICO (PARADOR) [IDA],22960.0, 
901018,,51,-22.965209,-43.391207,2023-07-23 10:51:41,0.0,,volta,51 - SENTIDO V. MILITAR (PARADOR) [VOLTA],2502.1, 
901012,,52,-22.86215,-43.400436,2023-07-23 19:29:04,0.0,,ida,52 - SENTIDO ALVORADA (PARADOR) [IDA],20995.6,59
901014,,22,-23.001078,-43.36586,2023-07-23 17:42:17,0.0,,ida,22 - ALVORADA X J. OCEÂNICO (PARADOR) [IDA],35216.5, 
901007,,52,-23.000739,-43.368754,2023-07-23 19:28:35,34.5,,ida,52 - SENTIDO ALVORADA (PARADOR) [IDA],21335.1,131
901009,,40,-23.000876,-43.366397,2023-07-23 17:18:36,0.0,,volta,40 - ALVORADA X PAULO DA PORTELA (EXPRESSO) [VOLTA],20387.9, 
901013,,22,-22.96528,-43.39162,2023-07-23 19:28:55,0.0,,ida,22 - ALVORADA X J. OCEÂNICO (PARADOR) [IDA],31071.5,153
901010,RJM8G30,22,-23.000741,-43.366094,2023-07-23 18:27:57,0.0,,ida,22 - ALVORADA X J. OCEÂNICO (PARADOR) [IDA],22552.0, 
901015,,51,-22.965392,-43.391685,2023-07-23 18:28:52,0.0,,volta,51 - SENTIDO V. MILITAR (PARADOR) [VOLTA],13414.1, 
901047,,51,-22.965178,-43.391365,2023-07-23 18:55:23,0.0,,volta,51 - SENTIDO V. MILITAR (PARADOR) [VOLTA],44827.9, 
901017,,22,-23.000792,-43.366367,2023-07-22 22:38:35,0.0,,ida,22 - ALVORADA X J. OCEÂNICO (PARADOR) [IDA],24816.3, 
901063,,51,-22.964749,-43.392002,2023-07-23 14:42:32,0.0,,volta,51 - SENTIDO V. MILITAR (PARADOR) [VOLTA],47953.8,342
901006,RJA9F56,22,-23.000758,-43.366247,2023-07-23 18:36:22,0.0,,ida,22 - ALVORADA X J. OCEÂNICO (PARADOR) [IDA],19011.6, 
901005,RJB8E53,22,-23.000973,-43.364852,2023-07-23 19:05:49,0.0,,ida,22 - ALVORADA X J. OCEÂNICO (PARADOR) [IDA],21006.6, 
901004,RJQ8J80,0,-22.965596,-43.391616,2023-07-23 19:28:40,0.0,,,,20877.9,342
902095,,35,-22.842676,-43.253896,2023-07-22 20:38:01,0.0,,ida,35 - MADUREIRA X ALVORADA (PARADOR) [IDA],7511.5, 
30504,,0,-22.919285,-43.607899,2023-07-23 18:01:09,0.0,,,,53125.1, 
47031,KYW5240,12,-23.00065,-43.364466,2023-07-23 19:28:36,0.0,,volta,12 - ALVORADA X PINGO D'AGUA (EXPRESSO) [VOLTA],50087.9, 
30533,KWO8120,10,-23.00049,-43.388669,2023-07-23 19:28:56,50.3,,ida,10 - SANTA CRUZ X ALVORADA (EXPRESSO) [IDA],51879.6,91
47027,KRR2119,20,-22.934878,-43.668038,2023-07-18 18:10:03,49.2,,ida,20 - SANTA CRUZ X SALVADOR ALLENDE (EXPRESSO) [IDA],1004.1,310
86840,KOS9769,13,-22.919551,-43.607877,2023-04-21 02:01:35,0.0,,ida,13 - MATO ALTO X ALVORADA (EXPRESSO) [IDA],778.8, 
30538,KXE7719,10,-23.008399,-43.44372,2023-07-23 19:28:49,0.0,,volta,10 - ALVORADA X SANTA CRUZ (EXPRESSO) [VOLTA],55165.9,264
13412,KPY9734,18,-22.920618,-43.608036,2023-07-23 18:24:31,0.0,,ida,18 - RECREIO SHOPPING X JARDIM OCEÂNICO (EXPRESSO) [IDA],44590.1, 
50309,KPN6B05,20,-22.9194,-43.607553,2023-07-23 18:44:12,0.0,,ida,20 - SANTA CRUZ X SALVADOR ALLENDE (EXPRESSO) [IDA],19607.9, 
12702,KXB8152,25,-22.919625,-43.608713,2023-07-04 23:11:48,0.0,,ida,25 - MATO ALTO X ALVORADA (PARADOR) [IDA],27817.4, 
12706,KXB8938,10,-22.920521,-43.607432,2023-03-31 08:02:04,0.0,,ida,10- SANTA CRUZ X ALVORADA ( EXPRESSO ),4060.2, 
47025,KXE8652,13,-22.919881,-43.607336,2023-07-07 14:18:49,0.0,,ida,13 - MATO ALTO X ALVORADA (EXPRESSO) [IDA],38341.5, 
30532,KYL8599,25,-22.916353,-43.607742,2023-07-23 19:29:03,13.1,,ida,25 - MATO ALTO X ALVORADA (PARADOR) [IDA],40909.8,77
13423,LSI5976,25,-22.918919,-43.607505,2023-07-23 19:29:00,0.0,,ida,25 - MATO ALTO X ALVORADA (PARADOR) [IDA],40310.9,88
13403,LTF5447,25,-23.001808,-43.365259,2023-07-23 18:19:56,0.0,,volta,25 - ALVORADA X MATO ALTO (PARADOR) [VOLTA],52426.2, 
90002,LMB2D92,12,-23.005854,-43.555481,2023-07-23 19:28:59,45.2,,volta,12 - ALVORADA X PINGO D'AGUA (EXPRESSO) [VOLTA],54768.6,284
47030,LSQ5263,12,-23.001414,-43.36423,2023-07-23 18:28:52,0.0,,volta,12 - ALVORADA X PINGO D'AGUA (EXPRESSO) [VOLTA],53088.2, 
30519,LRE9804,10,-23.000038,-43.407097,2023-07-23 19:28:52,28.4,,volta,10 - ALVORADA X SANTA CRUZ (EXPRESSO) [VOLTA],50686.2,87
44732,LSG9592,12,-22.919637,-43.607832,2023-07-23 19:28:46,0.0,,ida,12 - PINGO D'AGUA X ALVORADA (EXPRESSO) [IDA],37211.3, 
13409,KPY9733,10,-22.915786,-43.628365,2023-04-26 21:10:13,0.0,,ida,10- SANTA CRUZ X ALVORADA ( EXPRESSO ),22420.5, 
13424,KRL4069,11,-22.920191,-43.607648,2023-07-23 01:34:29,0.0,,ida,11 - SANTA CRUZ X ALVORADA (PARADOR),2303.9, 
90005,KWK6A89,25,-23.011798,-43.531705,2023-07-23 19:20:06,55.8,,ida,25 - MATO ALTO X ALVORADA (PARADOR) [IDA],48763.7,118
86851,KQO8674,29,-22.919238,-43.607139,2023-07-23 18:41:26,0.0,,volta,29 - ALVORADA X S. ALLENDE (PARADOR) [VOLTA],12369.0, 
86875,KQB4103,11,-22.919286,-43.607688,2023-07-23 19:15:02,0.0,,ida,11 - SANTA CRUZ X ALVORADA (PARADOR) [IDA],12256.7, 
30518,KYL8597,10,-22.936394,-43.666902,2023-07-23 19:28:47,0.0,,volta,10 - ALVORADA X SANTA CRUZ (EXPRESSO) [VOLTA],36494.6,10
12707,LMI8079,12,-22.919866,-43.607431,2023-05-20 05:02:01,0.0,,ida,12 - PINGO D'AGUA X ALVORADA (EXPRESSO) [IDA],4853.2, 
902090,,35,-22.876406,-43.330088,2023-07-23 18:43:35,0.0,,ida,35 - MADUREIRA X ALVORADA (PARADOR) [IDA],14233.3, 
47029,LSQ5267,12,-22.968582,-43.621963,2023-07-23 19:20:58,26.7,,volta,12 - ALVORADA X PINGO D'AGUA (EXPRESSO) [VOLTA],55754.7,246
A994324,LUN4324,0,-22.8372324,-43.2856895,2023-07-23 18:53:35,0.0,,,,47670.266,62
13420,KWI9708,12,-23.00187,-43.572429,2023-07-23 19:29:03,56.6,,volta,12 - ALVORADA X PINGO D'AGUA (EXPRESSO) [VOLTA],47219.4,284
A999574,LSD9574,0,-23.0009121,-43.3636843,2022-03-30 08:26:06,0.0,,,,24148.286, 
44717,KWW8818,18,-22.919874,-43.607744,2023-06-06 00:02:47,0.0,,ida,18 - RECREIO SHOPPING X JARDIM OCEÂNICO (EXPRESSO) [IDA],8226.799, 
12704,LSM8778,20,-22.920368,-43.607281,2023-06-08 07:00:34,0.0,,ida,20 - SANTA CRUZ X SALVADOR ALLENDE (EXPRESSO) [IDA],21199.9, 
47004,KQK7904,10,-22.918108,-43.607089,2023-07-23 19:28:54,0.0,,ida,10 - SANTA CRUZ X ALVORADA (EXPRESSO) [IDA],48545.7, 
27205,LSL9114,18,-22.919765,-43.608465,2023-07-02 02:02:01,0.0,,ida,18 - RECREIO SHOPPING X JARDIM OCEÂNICO (EXPRESSO) [IDA],4823.1, 
47012,KPZ8364,12,-23.000689,-43.367167,2023-07-23 19:19:32,0.0,,volta,12 - ALVORADA X PINGO D'AGUA (EXPRESSO) [VOLTA],54000.9,106
47015,LRH8891,10,-22.919456,-43.607191,2023-04-18 17:25:44,0.0,,ida,10- SANTA CRUZ X ALVORADA ( EXPRESSO ),12489.7, 
86885,LTB5540,14,-22.919264,-43.607171,2023-07-23 19:28:54,0.0,,ida,14 - SANTA EUGÊNIA X SALVADOR ALLENDE (EXPRESSO) [IDA],514251.5, 
13414,KPY9731,25,-22.919539,-43.607846,2023-06-16 00:31:58,0.0,,ida,25 -  MATO ALTO X ALVORADA (PARAD0R) [IDA],8259.2, 
13425,KRL4070,10,-22.965655,-43.645745,2023-07-23 19:24:13,0.0,,volta,10 - ALVORADA X SANTA CRUZ (EXPRESSO) [VOLTA],1201.6, 
12738,KRR2404,10,-22.968619,-43.622303,2023-07-23 19:29:00,3.9,,volta,10 - ALVORADA X SANTA CRUZ (EXPRESSO) [VOLTA],36693.3,254
30502,LQT9173,19,-22.919615,-43.608327,2023-05-27 22:05:53,0.0,,ida,19 - PINGO D'AGUA X SALVADOR ALLENDE (EXPRESSO) [IDA],21983.5, 
86886,LTB5541,14,-22.919378,-43.607455,2023-07-23 19:07:52,0.0,,ida,14 - SANTA EUGÊNIA X SALVADOR ALLENDE (EXPRESSO) [IDA],12834.3, 
47032,KXE8654,25,-23.01589,-43.519666,2023-06-12 23:42:32,59.6,,ida,25 - MATO ALTO X ALVORADA (PARADOR) [IDA],23120.5, 
13428,KXE7712,10,-23.000687,-43.366191,2023-07-23 19:28:53,0.0,,volta,10 - ALVORADA X SANTA CRUZ (EXPRESSO) [VOLTA],57032.4, 
47006,KWZ8630,10,-22.918359,-43.607016,2023-07-23 19:28:45,0.0,,ida,10 - SANTA CRUZ X ALVORADA (EXPRESSO) [IDA],50047.3, 
KXE9191 PKP,KXE9191,0,-23.000986,-43.363818,2023-07-23 19:25:40,0.0,,,,2377.1, 
47007,LSP6018,11,-22.919308,-43.607094,2023-07-23 19:28:47,0.0,,ida,11 - SANTA CRUZ X ALVORADA (PARADOR) [IDA],41751.3, 
13413,KWI9711,10,-22.919446,-43.607479,2023-07-23 18:49:34,0.0,,ida,10 - SANTA CRUZ X ALVORADA (EXPRESSO) [IDA],42884.0, 
90001,KPZ5E15,25,-22.915562,-43.627699,2023-07-23 19:28:59,20.6,,ida,25 - MATO ALTO X ALVORADA (PARADOR) [IDA],43399.5,259
901057,,51,-22.965686,-43.391331,2023-07-23 17:38:05,0.0,,volta,51 - SENTIDO V. MILITAR (PARADOR) [VOLTA],50464.7,158
901003,RKM8C54,22,-22.964524,-43.39167,2023-07-23 19:09:59,0.0,,ida,22 - ALVORADA X J. OCEÂNICO (PARADOR) [IDA],22705.7, 
86874,KQB4102,12,-22.934728,-43.668327,2023-07-23 19:25:58,0.0,,ida,12 - PINGO D'AGUA X ALVORADA (EXPRESSO) [IDA],512188.6,133
86879,LTN5696,12,-22.966273,-43.644871,2023-07-23 19:28:46,0.0,,ida,12 - PINGO D'AGUA X ALVORADA (EXPRESSO) [IDA],1051.1, 
90003,KYN7F36,10,-22.975345,-43.61237,2023-07-23 19:28:56,52.4,,ida,10 - SANTA CRUZ X ALVORADA (EXPRESSO) [IDA],17905.2,161
12711,LSO1629,10,-22.919951,-43.607173,2023-03-15 15:36:35,0.0,,ida,10- SANTA CRUZ X ALVORADA ( EXPRESSO ),4511.1, 
86809,LQH9072,25,-22.916739,-43.607155,2023-07-23 19:21:25,3.2,,ida,25 - MATO ALTO X ALVORADA (PARADOR) [IDA],7304.5,1
47011,LRH8889,10,-23.001921,-43.36507,2023-07-23 19:15:34,0.0,,ida,10 - SANTA CRUZ X ALVORADA (EXPRESSO) [IDA],38512.1, 
47009,KPZ8430,12,-22.993848,-43.596008,2023-07-23 19:29:02,0.0,,volta,12 - ALVORADA X PINGO D'AGUA (EXPRESSO) [VOLTA],53219.3,269
47014,KZI4452,10,-23.01747,-43.478308,2023-07-23 19:28:56,9.7,,ida,10 - SANTA CRUZ X ALVORADA (EXPRESSO) [IDA],37222.8,74
30537,KXE7720,25,-22.916107,-43.624855,2023-07-23 19:28:59,33.0,,ida,25 - MATO ALTO X ALVORADA (PARADOR) [IDA],50604.0,281
50301,KPP5B70,10,-22.920752,-43.607871,2023-07-23 19:07:31,0.0,,ida,10 - SANTA CRUZ X ALVORADA (EXPRESSO) [IDA],3523.5, 
47005,LSV5862,0,-22.920488,-43.608226,2023-07-22 14:01:00,0.0,,,,42896.4, 
47018,LRS2843,25,-23.000714,-43.364753,2023-07-23 19:28:48,0.0,,volta,25 - ALVORADA X MATO ALTO (PARADOR) [VOLTA],32363.2, 
30536,KXE7721,10,-22.920297,-43.60846,2023-06-03 18:26:10,0.0,,ida,10- SANTA CRUZ X ALVORADA ( EXPRESSO ),13477.3, 
44713,KPZ3559,12,-23.001792,-43.36535,2023-07-23 19:23:47,0.0,,volta,12 - ALVORADA X PINGO D'AGUA (EXPRESSO) [VOLTA],29025.1, 
13401,KQO7822,25,-23.019463,-43.486786,2023-07-23 19:28:46,26.3,,volta,25 - ALVORADA X MATO ALTO (PARADOR) [VOLTA],52842.7,248
47021,KRM7686,20,-22.919605,-43.607079,2023-06-11 16:52:40,0.0,,ida,20 - SANTA CRUZ X SALVADOR ALLENDE (EXPRESSO) [IDA],24792.3, 
13421,KWO8119,25,-22.920173,-43.608158,2023-07-23 18:25:16,0.0,,ida,25 - MATO ALTO X ALVORADA (PARADOR) [IDA],14067.8, 
13419,LTV5426,10,-23.00183,-43.365212,2023-07-23 16:29:49,0.0,,volta,10 - ALVORADA X SANTA CRUZ (EXPRESSO) [VOLTA],42722.5, 
27174,KQP5437,18,-22.919305,-43.607358,2023-07-23 18:47:04,0.0,,ida,18 - RECREIO SHOPPING X JARDIM OCEÂNICO (EXPRESSO) [IDA],18442.5, 
47026,KYA7928,10,-22.919719,-43.60734,2023-07-23 18:33:49,0.0,,ida,10 - SANTA CRUZ X ALVORADA (EXPRESSO) [IDA],32524.6, 
47024,KYS6559,0,-22.918807,-43.60743,2023-07-21 18:41:50,0.0,,,,27809.6, 
86889,KRQ6878,12,-22.917598,-43.607132,2023-07-23 19:28:53,0.0,,ida,12 - PINGO D'AGUA X ALVORADA (EXPRESSO) [IDA],514377.0,11
12724,LMJ1118,20,-22.920559,-43.608197,2023-07-23 19:05:32,0.0,,ida,20 - SANTA CRUZ X SALVADOR ALLENDE (EXPRESSO) [IDA],9610.0, 
27209,LSL9B07,10,-22.919602,-43.607631,2023-07-23 19:13:39,0.0,,ida,10 - SANTA CRUZ X ALVORADA (EXPRESSO) [IDA],9321.5, 
27176,LRK9563,0,-22.919805,-43.608335,2023-07-23 18:30:22,0.0,,,,12948.9, 
30511,KPV2250,25,-23.001981,-43.364652,2023-07-23 18:45:14,0.0,,volta,25 - ALVORADA X MATO ALTO (PARADOR) [VOLTA],48425.8, 
13427,KXE7711,12,-22.92037,-43.607225,2023-07-23 18:48:24,0.0,,ida,12 - PINGO D'AGUA X ALVORADA (EXPRESSO) [IDA],51685.7, 
12725,LMJ1327,12,-22.977597,-43.611332,2023-07-23 19:29:03,47.5,,ida,12 - PINGO D'AGUA X ALVORADA (EXPRESSO) [IDA],38485.5,340
12737,KXO9461,18,-22.920542,-43.607195,2023-03-07 09:55:21,0.0,,ida,18 - RECREIO SHOPPING X JARDIM OCEÂNICO (EXPRESSO) [IDA],4377.2, 
13404,KQO7823,12,-23.000922,-43.36703,2023-07-23 19:29:03,0.0,,volta,12 - ALVORADA X PINGO D'AGUA (EXPRESSO) [VOLTA],55246.8,279
47022,KRM7701,10,-23.01967,-43.487991,2023-07-23 19:28:48,0.0,,volta,10 - ALVORADA X SANTA CRUZ (EXPRESSO) [VOLTA],11752.5,250
12736,LMJ4504,20,-22.920588,-43.607488,2023-07-23 02:02:02,0.0,,ida,20 - SANTA CRUZ X SALVADOR ALLENDE (EXPRESSO) [IDA],15483.0, 
12726,KXD8483,0,-22.920454,-43.608246,2023-07-23 18:51:10,0.0,,,,18036.3, 
13422,LSI5978,10,-23.000218,-43.36888,2023-07-23 19:13:38,48.6,,ida,10 - SANTA CRUZ X ALVORADA (EXPRESSO) [IDA],39612.0,88
13402,LTL5480,10,-23.008404,-43.443304,2023-07-23 19:29:02,0.8,,volta,10 - ALVORADA X SANTA CRUZ (EXPRESSO) [VOLTA],42356.2,256
12730,LSO8993,0,-22.918863,-43.607752,2023-07-23 19:29:01,0.0,,,,8695.1, 
86872,LSH7386,10,-23.002602,-43.570209,2023-07-23 19:28:54,59.6,,ida,10 - SANTA CRUZ X ALVORADA (EXPRESSO) [IDA],21774.5,104
12714,KXC7431,0,-22.919515,-43.607719,2023-07-23 19:19:47,0.0,,,,39737.7, 
86878,LSZ6142,0,-22.920668,-43.608121,2023-07-06 17:04:14,0.0,,,,23732.5, 
47017,LRS2841,12,-22.999792,-43.409778,2023-07-23 19:28:51,53.4,,volta,12 - ALVORADA X PINGO D'AGUA (EXPRESSO) [VOLTA],47022.9,269
86859,KWJ9250,10,-22.919711,-43.607613,2023-07-23 19:28:58,0.0,,ida,10 - SANTA CRUZ X ALVORADA (EXPRESSO) [IDA],18083.8, 
30506,LRC6583,18,-22.919917,-43.607602,2023-03-03 16:38:13,0.0,,ida,18 - RECREIO SHOPPING X JARDIM OCEÂNICO (EXPRESSO) [IDA],2161.9, 
30509,KYM4574,25,-23.020962,-43.498824,2023-07-23 18:22:43,34.8,,ida,25 - MATO ALTO X ALVORADA (PARADOR) [IDA],52161.2,98
47008,KPY9735,10,-22.920562,-43.608147,2023-06-13 08:00:39,0.0,,ida,10- SANTA CRUZ X ALVORADA ( EXPRESSO ),42835.5, 
12721,KXW7973,10,-22.920054,-43.607777,2023-03-17 17:00:19,0.0,,ida,10- SANTA CRUZ X ALVORADA ( EXPRESSO ),986.6, 
12710,KRO9724,11,-22.919559,-43.607641,2023-07-23 19:28:53,0.0,,ida,11 - SANTA CRUZ X ALVORADA (PARADOR) [IDA],37676.3, 
12720,KXD9430,12,-23.000334,-43.366865,2023-07-23 19:26:34,15.9,,ida,12 - PINGO D'AGUA X ALVORADA (EXPRESSO) [IDA],20987.7,165
86802,KQK8699,25,-23.00456,-43.429336,2023-07-23 19:29:01,45.0,,volta,25 - ALVORADA X MATO ALTO (PARADOR) [VOLTA],11110.8,250
12712,LSN8501,10,-22.916916,-43.683631,2023-07-23 19:29:05,0.0,,ida,10 - SANTA CRUZ X ALVORADA (EXPRESSO) [IDA],30431.4, 
13407,KPY9732,12,-22.918314,-43.682926,2023-07-23 19:28:57,0.0,,ida,12 - PINGO D'AGUA X ALVORADA (EXPRESSO) [IDA],44415.5,324
30525,LRC6596,10,-23.013469,-43.463677,2023-07-23 19:29:04,40.3,,volta,10 - ALVORADA X SANTA CRUZ (EXPRESSO) [VOLTA],53512.3,254
47019,KWZ8629,25,-23.002206,-43.366079,2023-07-22 12:16:26,0.0,,ida,25 - MATO ALTO X ALVORADA (PARADOR) [IDA],37053.4, 
12703,LSM8771,10,-22.919891,-43.607869,2023-06-22 11:01:22,0.0,,ida,10 - SANTA CRUZ X ALVORADA (EXPRESSO) [IDA],30854.4, 
30521,LRC6594,10,-22.920836,-43.607667,2023-07-23 18:22:24,0.0,,ida,10 - SANTA CRUZ X ALVORADA (EXPRESSO) [IDA],34085.8, 
50302,LSB7J03,11,-22.920147,-43.607163,2023-03-11 10:01:59,0.0,,ida,11 - SANTA CRUZ X ALVORADA (PARADOR),2822.8, 
12718,KRP5933,12,-22.920426,-43.607335,2023-06-06 14:12:44,0.0,,ida,12 - PINGO D'AGUA X ALVORADA (EXPRESSO) [IDA],18261.1, 
12739,LMJ4F12,25,-23.015418,-43.521364,2023-07-23 19:24:38,45.0,,volta,25 - ALVORADA X MATO ALTO (PARADOR) [VOLTA],22922.7,273
30542,KXE7717,25,-22.991721,-43.598879,2023-07-23 19:29:01,0.0,,ida,25 - MATO ALTO X ALVORADA (PARADOR) [IDA],52118.6,292
12733,KRQ4900,0,-22.919829,-43.608492,2023-07-23 19:03:44,0.0,,,,18657.0, 
13406,LRG6479,18,-22.919869,-43.607222,2023-02-25 07:45:52,0.0,,ida,18 - RECREIO SHOPPING X JARDIM OCEÂNICO (EXPRESSO) [IDA],1118.8, 
30514,KYL8595,12,-23.012338,-43.458239,2023-07-23 19:28:58,29.9,,ida,12 - PINGO D'AGUA X ALVORADA (EXPRESSO) [IDA],37403.6,74
47010,KPZ8363,25,-22.919589,-43.607879,2023-07-23 19:28:47,0.0,,ida,25 - MATO ALTO X ALVORADA (PARADOR) [IDA],41777.8,304
86884,LSP9604,18,-22.919292,-43.607578,2023-07-23 18:52:09,0.0,,ida,18 - RECREIO SHOPPING X JARDIM OCEÂNICO (EXPRESSO) [IDA],14652.2, 
30522,LRE9805,12,-22.9203,-43.607183,2023-04-18 09:39:03,0.0,,ida,12 - PINGO D'AGUA X ALVORADA (EXPRESSO) [IDA],17983.8, 
12734,LSP8673,0,-22.916581,-43.60716,2023-07-23 19:14:26,7.5,,,,16318.6,359
A991F39,LUG1F39,0,-22.9516728,-43.3495341,2022-12-11 06:11:10,0.0,,,,84598.226, 
KWB9798 - APOIO VAN,KWB9798,0,-23.000784,-43.364795,2023-07-23 18:33:47,0.0,,,,2941.4, 
90006,LRH6D12,11,-22.919616,-43.607462,2023-07-23 19:28:47,0.0,,ida,11 - SANTA CRUZ X ALVORADA (PARADOR) [IDA],28756.0, 
30531,LRC6592,25,-23.000653,-43.365239,2023-07-23 19:28:56,0.0,,volta,25 - ALVORADA X MATO ALTO (PARADOR) [VOLTA],39457.9, 
30524,LRC6601,10,-22.917383,-43.683312,2023-07-23 19:29:01,0.0,,ida,10 - SANTA CRUZ X ALVORADA (EXPRESSO) [IDA],28632.1,323
12731,,25,-22.919394,-43.606917,2023-07-23 17:54:38,0.0,,ida,25 - MATO ALTO X ALVORADA (PARADOR) [IDA],39326.6, 
86870,LSC9364,0,-22.919654,-43.608503,2023-07-23 19:00:07,0.0,,,,3175.4, 
13415,KQK7905,25,-23.00181,-43.365483,2023-07-23 18:39:36,0.0,,volta,25 - ALVORADA X MATO ALTO (PARADOR) [VOLTA],44427.6, 
10306,KQP6773,19,-22.919442,-43.607595,2023-05-08 18:25:33,0.0,,ida,19 - PINGO D'AGUA X SALVADOR ALLENDE (EXPRESSO) [IDA],13633.6, 
901002,,52,-22.965509,-43.391486,2023-07-23 19:28:48,0.0,,ida,52 - SENTIDO ALVORADA (PARADOR) [IDA],17041.4, 
902103,,35,-22.876338,-43.329865,2023-07-23 19:23:33,0.0,,ida,35 - MADUREIRA X ALVORADA (PARADOR) [IDA],11567.9, 
B13,KYM5979,14,-22.961275,-43.64822,2023-07-23 18:54:57,0.0,,ida,14 - SANTA EUGÊNIA X SALVADOR ALLENDE (EXPRESSO) [IDA],670.4, 
B16,LSI3468,14,-22.961293,-43.648371,2023-07-23 19:05:52,0.0,,ida,14 - SANTA EUGÊNIA X SALVADOR ALLENDE (EXPRESSO) [IDA],670.6, 
B35,LTI1196,14,-22.960981,-43.648448,2023-07-23 19:16:12,0.0,,ida,14 - SANTA EUGÊNIA X SALVADOR ALLENDE (EXPRESSO) [IDA],616.6, 
B17,KWY8231,14,-22.961255,-43.648448,2023-07-23 18:54:41,0.0,,ida,14 - SANTA EUGÊNIA X SALVADOR ALLENDE (EXPRESSO) [IDA],778.6, 
B18,KRK9729,14,-22.961404,-43.648508,2023-07-23 18:42:31,0.0,,ida,14 - SANTA EUGÊNIA X SALVADOR ALLENDE (EXPRESSO) [IDA],677.0, 
B20,LMH6141,14,-22.961362,-43.648562,2023-07-23 19:03:08,0.0,,ida,14 - SANTA EUGÊNIA X SALVADOR ALLENDE (EXPRESSO) [IDA],682.5, 
B19,KZJ7238,14,-22.961435,-43.64857,2023-07-23 19:17:40,0.0,,ida,14 - SANTA EUGÊNIA X SALVADOR ALLENDE (EXPRESSO) [IDA],104537.2,180
B09,KRP3042,17,-22.815253333333334,-43.188356666666664,2023-05-02 16:34:21,0.0,,ida,17 - SANTA CRUZ X CAMPO GRANDE (PARADOR),133560.5,270
B32,KYR8913,14,-22.961338,-43.6486,2023-07-23 18:45:52,0.0,,ida,14 - SANTA EUGÊNIA X SALVADOR ALLENDE (EXPRESSO) [IDA],208.5, 
B27,LRK9551,14,-22.961803333333332,-43.64848833333333,2023-05-23 10:28:39,2.0,,ida,14 - SANTA EUGÊNIA X SALVADOR ALLENDE,594528.6,135
B14,KRK9519,14,-22.961175,-43.648158,2023-07-23 18:53:49,0.0,,ida,14 - SANTA EUGÊNIA X SALVADOR ALLENDE (EXPRESSO) [IDA],676.8, 
B06,LMS3036,17,-22.81576,-43.18839333333333,2023-05-02 09:01:13,0.0,,ida,17 - SANTA CRUZ X CAMPO GRANDE (PARADOR),26287.0,90
B11,KRK9516,14,-22.961206,-43.648149,2023-07-23 18:58:18,0.0,,ida,14 - SANTA EUGÊNIA X SALVADOR ALLENDE (EXPRESSO) [IDA],687.3, 
B12,LMH5981,14,-22.961252,-43.648261,2023-07-23 19:26:35,0.0,,ida,14 - SANTA EUGÊNIA X SALVADOR ALLENDE (EXPRESSO) [IDA],684.2, 
B24,LSO7028,14,-22.961068,-43.648402,2023-07-23 18:52:22,0.0,,ida,14 - SANTA EUGÊNIA X SALVADOR ALLENDE (EXPRESSO) [IDA],725.6, 
B25,,14,-22.960998,-43.648264,2023-07-23 19:13:19,0.0,,ida,14 - SANTA EUGÊNIA X SALVADOR ALLENDE (EXPRESSO) [IDA],592.0, 
B28,KQP5E29,14,-22.961048,-43.648404,2023-07-23 19:11:10,0.0,,ida,14 - SANTA EUGÊNIA X SALVADOR ALLENDE (EXPRESSO) [IDA],679.6, 
B40,,14,-22.961104,-43.648067,2023-07-23 19:24:55,0.0,,ida,14 - SANTA EUGÊNIA X SALVADOR ALLENDE (EXPRESSO) [IDA],447.9, 
B41,,14,-22.961278,-43.64839,2023-07-23 19:23:34,0.0,,ida,14 - SANTA EUGÊNIA X SALVADOR ALLENDE (EXPRESSO) [IDA],724.1, 
901001,RJD7J89,22,-23.000129,-43.36623,2023-07-23 19:28:52,32.1,,volta,22 - J. OCEÂNICO X ALVORADA (PARADOR) [VOLTA],16843.9,269
B47,,14,-22.961438,-43.648492,2023-07-23 18:44:30,0.0,,ida,14 - SANTA EUGÊNIA X SALVADOR ALLENDE (EXPRESSO) [IDA],722.7, 
B048,,14,-22.96139,-43.648412,2023-07-23 19:09:40,0.0,,ida,14 - SANTA EUGÊNIA X SALVADOR ALLENDE (EXPRESSO) [IDA],642.7, 
B49,,14,-22.961318,-43.648186,2023-07-23 18:33:27,0.0,,ida,14 - SANTA EUGÊNIA X SALVADOR ALLENDE (EXPRESSO) [IDA],673.8, 
B50,,14,-22.961436,-43.648446,2023-07-23 19:00:00,0.0,,ida,14 - SANTA EUGÊNIA X SALVADOR ALLENDE (EXPRESSO) [IDA],603.6, 
B52,,14,-22.961308,-43.648289,2023-07-23 18:57:31,0.0,,ida,14 - SANTA EUGÊNIA X SALVADOR ALLENDE (EXPRESSO) [IDA],650.3, 
B54,,14,-22.961361,-43.648285,2023-07-23 19:12:15,0.0,,ida,14 - SANTA EUGÊNIA X SALVADOR ALLENDE (EXPRESSO) [IDA],725.7, 
B55,,14,-22.961325,-43.648296,2023-07-23 18:35:58,0.0,,ida,14 - SANTA EUGÊNIA X SALVADOR ALLENDE (EXPRESSO) [IDA],668.7, 
B53,,14,-22.96192,-43.648134,2023-07-23 19:03:39,0.0,,ida,14 - SANTA EUGÊNIA X SALVADOR ALLENDE (EXPRESSO) [IDA],735.1, 
B51,,14,-22.961127,-43.647948,2023-07-23 18:33:36,0.0,,ida,14 - SANTA EUGÊNIA X SALVADOR ALLENDE (EXPRESSO) [IDA],728.7, 
901050,,40,-22.965113,-43.39177,2023-07-23 18:40:47,0.0,,ida,40 - PAULO DA PORTELA X ALVORADA (EXPRESSO) [IDA],23731.9, 
901077,,52,-22.964463,-43.391687,2023-07-23 18:53:40,0.0,,ida,52 - SENTIDO ALVORADA (PARADOR) [IDA],26119.3, 
903045,,17,-22.917678,-43.684321,2023-07-23 19:28:51,0.0,,ida,17 - SANTA CRUZ X CAMPO GRANDE (PARADOR) [IDA],25129.7,135
902119,,35,-22.876401,-43.329828,2023-07-23 19:23:06,0.0,,ida,35 - MADUREIRA X ALVORADA (PARADOR) [IDA],7217.4, 
901058,,51,-22.964978,-43.391758,2023-07-23 19:23:17,21.1,,volta,51 - SENTIDO V. MILITAR (PARADOR) [VOLTA],43409.2,157
902105,,31,-22.87642,-43.330335,2023-07-23 18:43:36,0.0,,ida,31 - VICENTE DE CARVALHO X ALVORADA (SEMIDIRETO) [IDA],9850.0, 
901071,,22,-22.96451,-43.391868,2023-07-23 18:44:05,0.0,,ida,22 - ALVORADA X J. OCEÂNICO (PARADOR) [IDA],42903.2, 
903027,,50,-23.000046,-43.348189,2023-07-23 19:28:58,41.5,,volta,50 - SENTIDO T. OLIMPICO (PARADOR) [VOLTA],48696.0,269
901066,,22,-23.000188,-43.366886,2023-07-23 19:07:57,23.7,,volta,22 - J. OCEÂNICO X ALVORADA (PARADOR) [VOLTA],49277.6,227
903026,,38,-22.876428,-43.329456,2023-07-23 18:35:16,0.0,,ida,38 - FUNDÃO X ALVORADA (PARADOR) [IDA],48631.9, 
903029,,50,-22.876949,-43.329978,2023-07-23 19:03:25,0.0,,ida,50 - SENTIDO JD. OCEANICO (PARADOR) [IDA],32601.5, 
902116,,35,-22.876339,-43.329794,2023-07-23 19:24:22,0.0,,ida,35 - MADUREIRA X ALVORADA (PARADOR) [IDA],10583.3, 
902115,,31,-22.876442,-43.330298,2023-07-23 18:43:18,0.0,,ida,31 - VICENTE DE CARVALHO X ALVORADA (SEMIDIRETO) [IDA],14328.4, 
903028,,50,-22.877057,-43.329608,2023-07-23 17:46:58,0.0,,ida,50 - SENTIDO JD. OCEANICO (PARADOR) [IDA],31654.2, 
901061,,51,-22.965297,-43.391449,2023-07-23 18:33:51,0.0,,volta,51 - SENTIDO V. MILITAR (PARADOR) [VOLTA],42556.8,59
903030,,42,-22.827362,-43.233925,2023-07-23 19:29:01,64.5,,ida,42 - GALEÃO X MADUREIRA MANANCEIA (PARADOR) [IDA],40074.1,218
903057,,17,-22.920533,-43.60797,2023-06-26 04:59:59,0.0,,ida,17 - SANTA CRUZ X CAMPO GRANDE (PARADOR) [IDA],12199.8, 
901051,,51,-22.889003,-43.400883,2023-07-23 19:28:59,59.9,,volta,51 - SENTIDO V. MILITAR (PARADOR) [VOLTA],38557.7,355
901064,,22,-22.96453,-43.391706,2023-07-22 08:25:48,0.0,,ida,22 - ALVORADA X J. OCEÂNICO (PARADOR) [IDA],48408.8,74
902107,,35,-22.876349,-43.330064,2023-07-23 18:44:57,0.0,,ida,35 - MADUREIRA X ALVORADA (PARADOR) [IDA],8791.8, 
901049,,0,-22.964765,-43.392179,2023-07-22 11:05:51,0.0,,,,33163.4,290
901073,,51,-22.933291,-43.395581,2023-07-23 19:28:47,56.5,,ida,51 - SENTIDO RECREIO (PARADOR) [IDA],41169.9,191
901048,,52,-22.964721,-43.391923,2023-07-23 18:41:25,0.0,,ida,52 - SENTIDO ALVORADA (PARADOR) [IDA],26065.7, 
901065,,52,-22.964455,-43.391673,2023-07-23 19:03:58,0.0,,ida,52 - SENTIDO ALVORADA (PARADOR) [IDA],34862.3, 
903031,,42,-22.853125,-43.261937,2023-07-23 19:29:02,52.8,,volta,42 - MADUREIRA MANANCEIA X GALEAO (PARADOR) [VOLTA],39628.0,143
902092,,35,-22.876447,-43.330101,2023-07-23 18:42:47,0.0,,ida,35 - MADUREIRA X ALVORADA (PARADOR) [IDA],6919.9, 
903032,,38,-22.876794,-43.329548,2023-07-23 18:40:19,0.0,,ida,38 - FUNDÃO X ALVORADA (PARADOR) [IDA],41811.1, 
901075,,22,-22.965165,-43.391509,2023-07-23 18:40:51,0.0,,ida,22 - ALVORADA X J. OCEÂNICO (PARADOR) [IDA],48133.2, 
903055,,17,-22.919043,-43.607731,2023-07-23 19:20:24,0.0,,ida,17 - SANTA CRUZ X CAMPO GRANDE (PARADOR) [IDA],18329.8, 
902112,,35,-22.876462,-43.330273,2023-07-23 18:43:06,0.0,,ida,35 - MADUREIRA X ALVORADA (PARADOR) [IDA],11067.9, 
903037,,17,-22.919136,-43.607329,2023-07-23 18:44:25,0.0,,ida,17 - SANTA CRUZ X CAMPO GRANDE (PARADOR) [IDA],20029.2, 
903002,,38,-22.876613,-43.330318,2023-07-23 18:43:30,0.0,,ida,38 - FUNDÃO X ALVORADA (PARADOR) [IDA],6078.0, 
901080,,52,-23.001379,-43.366839,2023-07-23 19:21:36,0.0,,volta,52 - SENTIDO V. MILITAR (PARADOR) [VOLTA],30467.4,87
902110,,35,-22.876289,-43.329791,2023-07-23 18:24:44,0.0,,ida,35 - MADUREIRA X ALVORADA (PARADOR) [IDA],8223.9, 
902114,,40,-22.876552,-43.33004,2023-07-23 18:54:56,0.0,,ida,40 - PAULO DA PORTELA X ALVORADA (EXPRESSO) [IDA],8444.0, 
902078,,31,-22.876342,-43.330199,2023-07-23 18:45:07,0.0,,ida,31 - VICENTE DE CARVALHO X ALVORADA (SEMIDIRETO) [IDA],9935.3, 
902111,,35,-22.876426,-43.329827,2023-07-23 18:42:09,0.0,,ida,35 - MADUREIRA X ALVORADA (PARADOR) [IDA],9787.1, 
902025,,35,-22.876387,-43.329747,2023-07-23 19:25:06,0.0,,ida,35 - MADUREIRA X ALVORADA (PARADOR) [IDA],9569.7, 
903054,,17,-22.920139,-43.608251,2023-07-23 19:18:36,0.0,,ida,17 - SANTA CRUZ X CAMPO GRANDE (PARADOR) [IDA],17486.8, 
903021,,38,-22.876479,-43.329516,2023-07-23 19:25:36,0.0,,ida,38 - FUNDÃO X ALVORADA (PARADOR) [IDA],33824.1, 
903056,,17,-22.920182,-43.607412,2023-07-23 19:25:01,0.0,,ida,17 - SANTA CRUZ X CAMPO GRANDE (PARADOR) [IDA],13949.5, 
903000,,38,-22.876432,-43.329637,2023-07-23 19:09:46,0.0,,ida,38 - FUNDÃO X ALVORADA (PARADOR) [IDA],30884.0, 
903058,,17,-22.919098,-43.607217,2023-07-23 18:34:41,0.0,,ida,17 - SANTA CRUZ X CAMPO GRANDE (PARADOR) [IDA],8466.7, 
901072,,53,-22.964464,-43.391784,2023-07-23 19:25:20,0.0,,ida,53 - SENTIDO ALVORADA (EXPRESSO) [IDA],38005.4, 
902045,,35,-22.842558,-43.25436,2023-07-23 18:36:49,0.0,,ida,35 - MADUREIRA X ALVORADA (PARADOR) [IDA],6800.9, 
903008,,42,-22.879082,-43.339247,2023-07-23 19:13:48,0.0,,volta,42 - MADUREIRA MANANCEIA X GALEAO (PARADOR) [VOLTA],47598.2,84
903007,,42,-22.876949,-43.330352,2023-07-23 16:46:54,10.4,,ida,42 - GALEÃO X MADUREIRA MANANCEIA (PARADOR) [IDA],40728.2,175
903004,,38,-22.876618,-43.329437,2023-07-23 18:38:05,0.0,,ida,38 - FUNDÃO X ALVORADA (PARADOR) [IDA],38173.6, 
903006,,42,-22.876778,-43.329638,2023-07-23 11:06:20,3.1,,ida,42 - GALEÃO X MADUREIRA MANANCEIA (PARADOR) [IDA],45869.2,277
901046,,51,-22.964061,-43.394514,2023-07-23 19:28:53,44.9,,volta,51 - SENTIDO V. MILITAR (PARADOR) [VOLTA],27725.1,47
903005,,42,-22.852398,-43.315289,2023-07-23 19:28:56,29.3,,volta,42 - MADUREIRA MANANCEIA X GALEAO (PARADOR) [VOLTA],37934.8,119
903022,,50,-22.876851,-43.329719,2023-07-23 13:53:08,3.3,,ida,50 - SENTIDO JD. OCEANICO (PARADOR) [IDA],37199.4, 
903035,,17,-22.927671,-43.677494,2023-07-23 19:23:14,0.0,,ida,17 - SANTA CRUZ X CAMPO GRANDE (PARADOR) [IDA],18876.1,132
901059,,51,-22.862152,-43.400615,2023-07-23 19:29:04,24.0,,ida,51 - SENTIDO RECREIO (PARADOR) [IDA],47380.4,233
903003,,42,-22.837803,-43.241624,2023-07-23 19:28:46,44.7,,ida,42 - GALEÃO X MADUREIRA MANANCEIA (PARADOR) [IDA],40676.0,14
901019,,52,-22.916094,-43.397611,2023-07-23 19:28:47,50.1,,volta,52 - SENTIDO V. MILITAR (PARADOR) [VOLTA],31485.2,316
901020,,22,-23.00075,-43.365893,2023-07-21 21:26:43,0.0,,ida,22 - ALVORADA X J. OCEÂNICO (PARADOR) [IDA],25229.8, 
901021,,40,-23.000971,-43.364995,2023-07-23 18:43:38,0.0,,volta,40 - ALVORADA X PAULO DA PORTELA (EXPRESSO) [VOLTA],17092.6, 
901022,,22,-23.000927,-43.36612,2023-07-23 10:59:13,0.0,,ida,22 - ALVORADA X J. OCEÂNICO (PARADOR) [IDA],18340.1, 
901023,,51,-23.000715,-43.367088,2023-07-23 18:31:42,11.0,,volta,51 - SENTIDO V. MILITAR (PARADOR) [VOLTA],33123.199,108
901024,,22,-23.005156,-43.319583,2023-07-23 19:28:51,57.3,,ida,22 - ALVORADA X J. OCEÂNICO (PARADOR) [IDA],20167.7,112
901025,,22,-23.001459,-43.328376,2023-07-23 19:28:50,46.9,,volta,22 - J. OCEÂNICO X ALVORADA (PARADOR) [VOLTA],39895.0,294
901026,,51,-22.965553,-43.39155,2023-07-23 19:04:41,0.0,,volta,51 - SENTIDO V. MILITAR (PARADOR) [VOLTA],32117.0, 
901027,,22,-22.964995,-43.391695,2023-07-23 18:33:05,0.0,,ida,22 - ALVORADA X J. OCEÂNICO (PARADOR) [IDA],25179.3, 
901028,,40,-22.964579,-43.391993,2023-07-23 18:49:45,0.0,,ida,40 - PAULO DA PORTELA X ALVORADA (EXPRESSO) [IDA],23324.7, 
903001,,38,-22.876894,-43.330157,2023-07-23 16:37:36,0.0,,ida,38 - FUNDÃO X ALVORADA (PARADOR) [IDA],46118.0,129
901029,,51,-23.002514,-43.432591,2023-07-23 19:28:57,58.4,,ida,51 - SENTIDO RECREIO (PARADOR) [IDA],24239.1,227
901030,,51,-22.964732,-43.391705,2023-07-23 18:33:35,0.0,,volta,51 - SENTIDO V. MILITAR (PARADOR) [VOLTA],21407.7, 
901031,,35,-22.964582,-43.391947,2023-07-23 18:58:50,0.0,,ida,35 - MADUREIRA X ALVORADA (PARADOR) [IDA],24245.4, 
901032,,52,-22.964579,-43.391622,2023-07-23 18:36:02,0.0,,ida,52 - SENTIDO ALVORADA (PARADOR) [IDA],25277.9, 
901033,,51,-22.965357,-43.391887,2023-07-23 19:23:37,0.0,,volta,51 - SENTIDO V. MILITAR (PARADOR) [VOLTA],26596.0,331
901034,,51,-23.008465,-43.439805,2023-07-23 19:28:50,0.0,,volta,51 - SENTIDO V. MILITAR (PARADOR) [VOLTA],26876.3,77
901035,,31,-22.964786,-43.392021,2023-07-23 18:48:34,0.0,,ida,31 - VICENTE DE CARVALHO X ALVORADA (SEMIDIRETO) [IDA],25559.0, 
901036,,40,-22.964586,-43.392069,2023-07-23 19:14:47,0.0,,ida,40 - PAULO DA PORTELA X ALVORADA (EXPRESSO) [IDA],22232.2, 
901037,,46,-22.964742,-43.391674,2023-07-23 19:11:45,0.0,,ida,46 - PENHA X ALVORADA (EXPRESSO) [IDA],19397.3, 
901038,,51,-22.964827,-43.391683,2023-07-23 18:45:58,0.0,,volta,51 - SENTIDO V. MILITAR (PARADOR) [VOLTA],26777.6, 
901039,,51,-22.965423,-43.391605,2023-07-23 19:27:32,0.0,,volta,51 - SENTIDO V. MILITAR (PARADOR) [VOLTA],24463.5, 
901040,,51,-22.964654,-43.391576,2023-07-23 18:34:26,0.0,,volta,51 - SENTIDO V. MILITAR (PARADOR) [VOLTA],28954.2, 
901041,,40,-22.964726,-43.391892,2023-07-23 18:50:08,0.0,,ida,40 - PAULO DA PORTELA X ALVORADA (EXPRESSO) [IDA],25552.6,347
901042,,52,-22.964569,-43.391994,2023-07-23 19:22:17,0.0,,ida,52 - SENTIDO ALVORADA (PARADOR) [IDA],29221.1, 
901043,,22,-22.96466,-43.391628,2023-07-23 18:38:44,0.0,,ida,22 - ALVORADA X J. OCEÂNICO (PARADOR) [IDA],25144.5, 
901054,,51,-22.965093,-43.391436,2023-07-23 18:58:23,0.0,,volta,51 - SENTIDO V. MILITAR (PARADOR) [VOLTA],20815.6, 
903009,,42,-22.842734,-43.271412,2023-07-23 19:28:50,56.2,,ida,42 - GALEÃO X MADUREIRA MANANCEIA (PARADOR) [IDA],46309.4,288
903010,,38,-22.876362,-43.329617,2023-07-23 18:30:12,0.0,,ida,38 - FUNDÃO X ALVORADA (PARADOR) [IDA],42820.5, 
903011,,38,-22.876442,-43.329359,2023-07-23 19:04:11,0.0,,ida,38 - FUNDÃO X ALVORADA (PARADOR) [IDA],44541.2, 
903012,,38,-22.876353,-43.328607,2023-07-23 00:34:13,0.0,,ida,38 - FUNDÃO X ALVORADA (PARADOR) [IDA],47385.2, 
903015,,42,-22.876491,-43.329387,2023-07-23 18:38:34,0.0,,ida,42 - GALEÃO X MADUREIRA MANANCEIA (PARADOR) [IDA],47148.0, 
903016,,42,-22.876605,-43.329512,2023-07-23 15:45:25,0.0,,ida,42 - GALEÃO X MADUREIRA MANANCEIA (PARADOR) [IDA],41629.1,85
903017,,42,-22.853229,-43.313743,2023-07-23 19:28:52,0.0,,ida,42 - GALEÃO X MADUREIRA MANANCEIA (PARADOR) [IDA],44361.5,267
903018,,42,-22.876405,-43.329556,2023-07-23 18:58:23,0.0,,ida,42 - GALEÃO X MADUREIRA MANANCEIA (PARADOR) [IDA],10374.0, 
903019,,50,-22.876083,-43.329385,2023-06-25 06:08:52,0.0,,ida,50 - SENTIDO JD. OCEANICO (PARADOR) [IDA],4452.0, 
903020,,50,-22.972197,-43.401134,2023-07-23 19:28:56,0.0,,ida,50 - SENTIDO JD. OCEANICO (PARADOR) [IDA],43141.1,178
903023,,42,-22.876639,-43.330416,2023-07-23 17:41:36,0.0,,ida,42 - GALEÃO X MADUREIRA MANANCEIA (PARADOR) [IDA],39283.5, 
903024,,50,-22.973151,-43.383131,2023-07-23 19:28:58,0.1,,volta,50 - SENTIDO T. OLIMPICO (PARADOR) [VOLTA],37318.3,292
903025,,50,-23.000306,-43.341747,2023-07-23 19:28:46,0.0,,ida,50 - SENTIDO JD. OCEANICO (PARADOR) [IDA],38861.9,76
903013,,42,-22.877699,-43.336543,2023-07-23 19:28:51,0.0,,volta,42 - MADUREIRA MANANCEIA X GALEAO (PARADOR) [VOLTA],43508.0,312
903014,,50,-23.006493,-43.31343,2023-07-23 19:29:00,0.2,,volta,50 - SENTIDO T. OLIMPICO (PARADOR) [VOLTA],50817.3,282
902097,,35,-22.87652,-43.330003,2023-07-23 19:15:52,0.0,,ida,35 - MADUREIRA X ALVORADA (PARADOR) [IDA],10740.7, 
901045,,40,-22.964759,-43.392097,2023-07-23 18:51:01,0.0,,ida,40 - PAULO DA PORTELA X ALVORADA (EXPRESSO) [IDA],31814.6, 
901053,,22,-22.964513,-43.391576,2023-07-23 19:11:31,0.0,,ida,22 - ALVORADA X J. OCEÂNICO (PARADOR) [IDA],19465.3, 
901060,,52,-22.965662,-43.391226,2023-07-23 19:23:44,0.0,,ida,52 - SENTIDO ALVORADA (PARADOR) [IDA],24187.5, 
903052,,17,-22.916313,-43.622245,2023-07-23 19:29:02,4.1,,ida,17 - SANTA CRUZ X CAMPO GRANDE (PARADOR) [IDA],21115.5,92
903060,,17,-22.919026,-43.607847,2023-07-23 19:00:57,0.0,,ida,17 - SANTA CRUZ X CAMPO GRANDE (PARADOR) [IDA],19863.1, 
903063,,17,-22.920175,-43.607479,2023-07-23 18:57:49,0.0,,ida,17 - SANTA CRUZ X CAMPO GRANDE (PARADOR) [IDA],20895.5, 
901000,,52,-22.973122,-43.383518,2023-07-23 19:28:54,0.2,,volta,52 - SENTIDO V. MILITAR (PARADOR) [VOLTA],29826.1,279
902113,,35,-22.876381,-43.330302,2023-07-23 18:46:13,0.0,,ida,35 - MADUREIRA X ALVORADA (PARADOR) [IDA],8411.8, 
902118,,35,-22.876361,-43.329847,2023-07-23 19:23:53,0.0,,ida,35 - MADUREIRA X ALVORADA (PARADOR) [IDA],7428.8, 
902117,,35,-22.876389,-43.330144,2023-07-23 18:45:00,0.0,,ida,35 - MADUREIRA X ALVORADA (PARADOR) [IDA],9798.1, 
901052,,51,-22.964524,-43.391916,2023-07-23 18:34:48,0.0,,volta,51 - SENTIDO V. MILITAR (PARADOR) [VOLTA],20218.5, 
901056,,22,-22.964495,-43.391679,2023-07-23 19:10:22,0.0,,ida,22 - ALVORADA X J. OCEÂNICO (PARADOR) [IDA],24889.2, 
901044,,40,-22.964701,-43.39178,2023-07-23 19:06:35,0.0,,ida,40 - PAULO DA PORTELA X ALVORADA (EXPRESSO) [IDA],29062.4, 
903033,,42,-22.876767,-43.329861,2023-07-23 19:28:24,0.0,,ida,42 - GALEÃO X MADUREIRA MANANCEIA (PARADOR) [IDA],35671.1,256
902049,,46,-22.841494,-43.277079,2023-07-23 19:28:51,0.0,,ida,46 - PENHA X ALVORADA (EXPRESSO) [IDA],35347.8, 
902020,,46,-22.854405,-43.251356,2023-07-23 18:58:12,0.0,,ida,46 - PENHA X ALVORADA (EXPRESSO) [IDA],30897.4, 
902022,,46,-22.854768,-43.251851,2023-07-23 19:20:45,0.0,,ida,46 - PENHA X ALVORADA (EXPRESSO) [IDA],29990.0, 
901092,,52,-22.964629,-43.391578,2023-07-23 19:00:33,0.0,,ida,52 - SENTIDO ALVORADA (PARADOR) [IDA],1983.4, 
901093,,0,-22.964901,-43.392032,2023-07-23 01:31:09,0.0,,,,28051.6, 
902023,,46,-22.854099,-43.251665,2023-07-23 10:51:25,0.0,,ida,46 - PENHA X ALVORADA (EXPRESSO) [IDA],24161.5, 
902059,,35,-23.000927,-43.367532,2023-07-23 19:19:39,0.0,,volta,35 - ALVORADA  X  MADUREIRA (PARADOR) [VOLTA],35100.8, 
902056,,46,-23.000675,-43.368305,2023-07-23 19:23:55,16.8,,volta,46 - ALVORADA X PENHA (EXPRESSO) [VOLTA],34148.2,295
901091,,51,-22.964772,-43.39195,2023-07-23 18:38:04,0.0,,volta,51 - SENTIDO V. MILITAR (PARADOR) [VOLTA],30868.4, 
901096,,51,-22.965279,-43.391809,2023-07-23 18:56:54,0.0,,volta,51 - SENTIDO V. MILITAR (PARADOR) [VOLTA],33850.3, 
901086,,52,-22.913891,-43.399811,2023-07-23 19:29:04,68.4,,ida,52 - SENTIDO ALVORADA (PARADOR) [IDA],47986.4,140
902032,,35,-22.89891,-43.353184,2023-07-23 19:29:05,33.0,,ida,35 - MADUREIRA X ALVORADA (PARADOR) [IDA],35486.3,215
902024,,46,-23.001417,-43.367924,2023-07-23 18:57:06,24.8,,volta,46 - ALVORADA X PENHA (EXPRESSO) [VOLTA],34848.9,100
901094,,0,-22.964865,-43.391753,2023-07-23 19:09:11,0.0,,,,32342.1, 
902027,,46,-22.854894,-43.252022,2023-07-23 19:18:00,0.0,,ida,46 - PENHA X ALVORADA (EXPRESSO) [IDA],32858.6, 
902031,,35,-22.920121,-43.368247,2023-07-23 19:29:00,25.1,,ida,35 - MADUREIRA X ALVORADA (PARADOR) [IDA],34254.6,241
902028,,35,-22.854601,-43.251454,2023-07-23 19:00:24,0.0,,ida,35 - MADUREIRA X ALVORADA (PARADOR) [IDA],36896.7, 
902029,,0,-22.854908,-43.252038,2023-07-23 18:41:25,0.0,,,,34850.6, 
902018,,40,-22.965336,-43.391273,2023-07-23 18:29:37,0.0,,ida,40 - PAULO DA PORTELA X ALVORADA (EXPRESSO) [IDA],23503.2, 
902046,,46,-22.854089,-43.251601,2023-07-23 19:14:33,0.0,,ida,46 - PENHA X ALVORADA (EXPRESSO) [IDA],32892.9, 
12715,,10,-23.000645,-43.365134,2023-07-23 19:11:51,0.0,,volta,10 - ALVORADA X SANTA CRUZ (EXPRESSO) [VOLTA],41484.9, 
902010,,40,-22.965464,-43.391902,2023-07-23 19:02:27,0.0,,ida,40 - PAULO DA PORTELA X ALVORADA (EXPRESSO) [IDA],10420.4, 
902026,,35,-22.973178,-43.385603,2023-07-23 19:29:00,28.1,,ida,35 - MADUREIRA X ALVORADA (PARADOR) [IDA],33109.3,122
901089,,22,-23.00096,-43.365023,2023-07-23 19:02:01,0.0,,ida,22 - ALVORADA X J. OCEÂNICO (PARADOR) [IDA],44977.5, 
86850,,14,-23.008182,-43.442758,2023-05-03 09:22:53,0.0,,volta,14 - SALVADOR ALLENDE x SANTA EUGÊNIA,7855.3, 
901062,,51,-22.965659,-43.391379,2023-07-23 18:08:55,7.5,,volta,51 - SENTIDO V. MILITAR (PARADOR) [VOLTA],46172.3,152
902033,,35,-22.985795,-43.365615,2023-07-23 19:28:57,57.2,,volta,35 - ALVORADA  X  MADUREIRA (PARADOR) [VOLTA],32787.199,1
902053,,46,-22.854675,-43.251796,2023-07-23 19:22:34,0.0,,ida,46 - PENHA X ALVORADA (EXPRESSO) [IDA],32791.5, 
902035,,46,-22.85428,-43.251968,2023-07-23 19:22:50,0.0,,ida,46 - PENHA X ALVORADA (EXPRESSO) [IDA],28834.8, 
E902000,,0,-22.854414,-43.251931,2023-07-23 18:51:12,0.0,,,,9927.9, 
901067,,51,-22.965682,-43.391213,2023-07-23 19:20:34,0.0,,volta,51 - SENTIDO V. MILITAR (PARADOR) [VOLTA],41207.0, 
E902004,,41,-22.854405,-43.251949,2023-07-23 18:52:16,0.0,,volta,41 - TERMINAL RECREIO X PAULO DA PORTELA (EXPRESSO) [VOLTA],12651.1, 
12713,,25,-22.920235,-43.607826,2023-07-23 19:11:26,4.7,,ida,25 - MATO ALTO X ALVORADA (PARADOR) [IDA],34407.1,164
12705,,10,-22.919446,-43.608214,2023-07-23 19:28:52,0.0,,ida,10 - SANTA CRUZ X ALVORADA (EXPRESSO) [IDA],29191.8, 
902062,,46,-22.908632,-43.358631,2023-07-23 19:28:46,58.4,,volta,46 - ALVORADA X PENHA (EXPRESSO) [VOLTA],32511.0,40
902048,,46,-22.854776,-43.251845,2023-07-23 19:25:34,0.0,,ida,46 - PENHA X ALVORADA (EXPRESSO) [IDA],23673.4, 
44705,,0,-22.919518,-43.607607,2023-07-23 19:04:20,0.0,,,,12732.1, 
902058,,46,-22.917231,-43.363065,2023-07-23 19:28:46,50.3,,ida,46 - PENHA X ALVORADA (EXPRESSO) [IDA],33684.9,239
902021,,46,-22.85472,-43.251933,2023-07-23 18:53:30,0.0,,ida,46 - PENHA X ALVORADA (EXPRESSO) [IDA],28473.5, 
12728,,10,-22.919287,-43.606929,2023-07-23 19:02:11,0.0,,ida,10 - SANTA CRUZ X ALVORADA (EXPRESSO) [IDA],41900.2, 
901068,,51,-22.965675,-43.391224,2023-07-23 18:25:05,0.0,,volta,51 - SENTIDO V. MILITAR (PARADOR) [VOLTA],49965.7,162
44731,,0,-22.920193,-43.607418,2023-03-08 06:32:40,0.0,,,,2058.1, 
902003,,0,-22.854431,-43.251924,2023-07-23 18:50:28,0.0,,,,16844.3, 
902102,,35,-22.876314,-43.329972,2023-07-23 19:22:15,0.0,,ida,35 - MADUREIRA X ALVORADA (PARADOR) [IDA],12247.2, 
901016,,52,-22.965576,-43.391636,2023-07-23 18:54:45,0.0,,ida,52 - SENTIDO ALVORADA (PARADOR) [IDA],36922.3,337
901082,,0,-22.964549,-43.391645,2023-07-23 18:56:01,0.0,,,,46481.9, 
902061,,46,-22.854724,-43.251918,2023-07-23 19:00:10,0.0,,ida,46 - PENHA X ALVORADA (EXPRESSO) [IDA],28945.7, 
902066,,46,-23.001338,-43.365032,2023-07-23 19:28:44,0.0,,volta,46 - ALVORADA X PENHA (EXPRESSO) [VOLTA],30599.1, 
902005,,40,-22.96527,-43.392008,2023-07-23 18:42:26,0.0,,ida,40 - PAULO DA PORTELA X ALVORADA (EXPRESSO) [IDA],18697.3, 
902052,,46,-22.854305,-43.251961,2023-07-23 18:41:04,0.0,,ida,46 - PENHA X ALVORADA (EXPRESSO) [IDA],35017.0, 
902050,,46,-22.854367,-43.251371,2023-07-23 18:44:38,0.0,,ida,46 - PENHA X ALVORADA (EXPRESSO) [IDA],30785.5, 
12716,,12,-22.920606,-43.607684,2023-07-23 19:19:42,0.0,,ida,12 - PINGO D'AGUA X ALVORADA (EXPRESSO) [IDA],45023.6, 
902016,,41,-22.964887,-43.391649,2023-07-23 18:47:21,0.0,,volta,41 - TERMINAL RECREIO X PAULO DA PORTELA (EXPRESSO) [VOLTA],18077.5, 
902019,,40,-22.965718,-43.391758,2023-07-23 19:13:01,0.0,,ida,40 - PAULO DA PORTELA X ALVORADA (EXPRESSO) [IDA],17352.6, 
E902009,,35,-22.964679,-43.391668,2023-07-20 19:23:08,0.0,,ida,35 - MADUREIRA X ALVORADA (PARADOR) [IDA],3193.4, 
902063,,46,-22.8547,-43.251766,2023-07-23 18:45:34,0.0,,ida,46 - PENHA X ALVORADA (EXPRESSO) [IDA],32568.3, 
902017,,53,-22.965212,-43.392109,2023-07-23 19:00:55,0.0,,ida,53 - SENTIDO ALVORADA (EXPRESSO) [IDA],23345.4, 
E902015,,46,-22.965754,-43.391691,2023-07-23 19:24:46,0.0,,ida,46 - PENHA X ALVORADA (EXPRESSO) [IDA],8187.3, 
902057,,35,-22.90869,-43.358627,2023-07-23 19:28:57,49.6,,volta,35 - ALVORADA  X  MADUREIRA (PARADOR) [VOLTA],28434.0,41
902060,,46,-22.854758,-43.251827,2023-07-23 18:59:17,0.0,,ida,46 - PENHA X ALVORADA (EXPRESSO) [IDA],29549.2, 
902008,,53,-22.965747,-43.391623,2023-07-23 18:55:16,0.0,,ida,53 - SENTIDO ALVORADA (EXPRESSO) [IDA],10033.7, 
902047,,46,-22.860023,-43.329699,2023-07-23 19:28:58,52.8,,ida,46 - PENHA X ALVORADA (EXPRESSO) [IDA],24325.9,190
902007,,41,-22.964909,-43.391638,2023-07-23 19:14:36,0.0,,volta,41 - TERMINAL RECREIO X PAULO DA PORTELA (EXPRESSO) [VOLTA],18779.6, 
902051,,46,-22.84133,-43.276856,2023-07-23 19:28:51,0.0,,ida,46 - PENHA X ALVORADA (EXPRESSO) [IDA],32372.6, 
902067,,46,-22.927297,-43.373559,2023-07-23 19:29:02,8.1,,volta,46 - ALVORADA X PENHA (EXPRESSO) [VOLTA],33426.199,356
901088,,22,-22.997361,-43.366175,2023-07-23 19:28:51,36.1,,ida,22 - ALVORADA X J. OCEÂNICO (PARADOR) [IDA],41090.3,39
901078,,0,-22.964874,-43.391547,2023-07-23 18:35:40,0.0,,,,33312.9, 
901098,,51,-22.965162,-43.39179,2023-07-23 19:12:02,0.0,,volta,51 - SENTIDO V. MILITAR (PARADOR) [VOLTA],26766.9, 
901090,,22,-22.964539,-43.391894,2023-07-23 18:39:26,0.0,,ida,22 - ALVORADA X J. OCEÂNICO (PARADOR) [IDA],35734.0, 
901055,,51,-22.964509,-43.391795,2023-07-23 19:06:22,0.0,,volta,51 - SENTIDO V. MILITAR (PARADOR) [VOLTA],45833.7, 
901076,,52,-22.964474,-43.391624,2023-07-23 19:04:59,0.0,,ida,52 - SENTIDO ALVORADA (PARADOR) [IDA],30800.5, 
902054,,46,-22.950396,-43.373244,2023-07-23 19:29:01,59.3,,ida,46 - PENHA X ALVORADA (EXPRESSO) [IDA],34923.2,204
901079,,51,-23.008552,-43.440381,2023-07-23 19:29:04,0.0,,volta,51 - SENTIDO V. MILITAR (PARADOR) [VOLTA],43330.0, 
901084,,0,-22.964761,-43.391659,2023-07-23 19:08:14,0.0,,,,51212.9, 
901070,,52,-22.964904,-43.39154,2023-07-23 19:18:25,0.0,,ida,52 - SENTIDO ALVORADA (PARADOR) [IDA],39876.0, 
902080,,46,-22.971073,-43.388352,2023-07-23 19:27:08,13.4,,volta,46 - ALVORADA X PENHA (EXPRESSO) [VOLTA],33738.3,307
901081,,53,-22.96483,-43.391899,2023-07-23 19:00:44,0.0,,ida,53 - SENTIDO ALVORADA (EXPRESSO) [IDA],41359.9, 
902065,,46,-22.993058,-43.365978,2023-07-23 19:28:47,59.5,,ida,46 - PENHA X ALVORADA (EXPRESSO) [IDA],34713.7,181
901069,,52,-22.964855,-43.391955,2023-07-23 19:25:08,0.0,,ida,52 - SENTIDO ALVORADA (PARADOR) [IDA],37161.5, 
901074,,40,-22.964793,-43.391722,2023-07-23 18:49:03,0.0,,ida,40 - PAULO DA PORTELA X ALVORADA (EXPRESSO) [IDA],38935.2, 
901085,,52,-22.972826,-43.400749,2023-07-23 19:29:02,27.9,,ida,52 - SENTIDO ALVORADA (PARADOR) [IDA],42391.1,94
902073,,31,-22.87634,-43.329962,2023-07-23 18:44:21,0.0,,ida,31 - VICENTE DE CARVALHO X ALVORADA (SEMIDIRETO) [IDA],9296.5, 
902030,,31,-22.876382,-43.330094,2023-07-23 18:44:00,0.0,,ida,31 - VICENTE DE CARVALHO X ALVORADA (SEMIDIRETO) [IDA],10904.8, 
902071,,35,-22.973184,-43.385423,2023-07-23 19:28:58,13.9,,volta,35 - ALVORADA  X  MADUREIRA (PARADOR) [VOLTA],35092.9,277
902072,,35,-22.973421,-43.365618,2023-07-23 19:28:51,1.3,,ida,35 - MADUREIRA X ALVORADA (PARADOR) [IDA],32093.1,91
902101,,35,-22.876477,-43.330083,2023-07-23 18:42:28,0.0,,ida,35 - MADUREIRA X ALVORADA (PARADOR) [IDA],9539.6, 
902068,,46,-22.853212,-43.320402,2023-07-23 19:28:50,28.9,,volta,46 - ALVORADA X PENHA (EXPRESSO) [VOLTA],35060.8,54
902064,,35,-22.877671,-43.336777,2023-07-23 19:29:02,0.0,,ida,35 - MADUREIRA X ALVORADA (PARADOR) [IDA],0.0, 
902070,,46,-22.854517,-43.251069,2023-07-23 19:18:37,0.0,,ida,46 - PENHA X ALVORADA (EXPRESSO) [IDA],35465.9, 
901083,,0,-22.964479,-43.391808,2023-07-23 18:51:54,0.0,,,,48862.8, 
901087,,53,-22.964438,-43.39185,2023-07-23 19:04:36,0.0,,ida,53 - SENTIDO ALVORADA (EXPRESSO) [IDA],46421.8, 
902085,,35,-22.854435,-43.252067,2023-07-23 18:53:12,0.0,,ida,35 - MADUREIRA X ALVORADA (PARADOR) [IDA],33733.0, 
E902012,,31,-22.964855,-43.391657,2023-07-22 15:30:11,0.0,,ida,31 - VICENTE DE CARVALHO X ALVORADA (SEMIDIRETO) [IDA],9465.7,70
E902001,,41,-22.854448,-43.25201,2023-07-23 18:54:16,0.0,,volta,41 - TERMINAL RECREIO X PAULO DA PORTELA (EXPRESSO) [VOLTA],20292.5, 
E902006,,40,-22.96547,-43.391951,2023-07-23 18:35:46,0.0,,ida,40 - PAULO DA PORTELA X ALVORADA (EXPRESSO) [IDA],18927.1, 
E902011,,40,-22.964921,-43.392161,2023-07-23 19:01:59,0.0,,ida,40 - PAULO DA PORTELA X ALVORADA (EXPRESSO) [IDA],8206.1, 
E902014,,40,-22.965546,-43.391807,2023-07-23 19:00:35,0.0,,ida,40 - PAULO DA PORTELA X ALVORADA (EXPRESSO) [IDA],15735.5, 
902002,,41,-22.854842,-43.252094,2023-07-23 18:51:25,0.0,,volta,41 - TERMINAL RECREIO X PAULO DA PORTELA (EXPRESSO) [VOLTA],19280.2, 
901095,,41,-22.964651,-43.391593,2023-07-23 18:58:58,0.0,,volta,41 - TERMINAL RECREIO X PAULO DA PORTELA (EXPRESSO) [VOLTA],34299.2, 
902069,,43,-22.854318,-43.252248,2023-07-23 19:23:00,0.0,,volta,43 - SANTA EFIGENIA X FUNDÃO (EXPRESSO) [VOLTA],31940.3, 
902094,,35,-22.876364,-43.329923,2023-07-23 19:21:53,0.0,,ida,35 - MADUREIRA X ALVORADA (PARADOR) [IDA],8474.9, 
903068,,17,-22.91885,-43.607605,2023-07-23 19:29:02,0.0,,ida,17 - SANTA CRUZ X CAMPO GRANDE (PARADOR) [IDA],20371.1,99
901097,,51,-22.964754,-43.392035,2023-07-23 18:32:52,0.0,,volta,51 - SENTIDO V. MILITAR (PARADOR) [VOLTA],35443.1, 
902081,,31,-22.876352,-43.3303,2023-07-23 18:46:00,0.0,,ida,31 - VICENTE DE CARVALHO X ALVORADA (SEMIDIRETO) [IDA],11127.3, 
902075,,31,-22.876365,-43.330174,2023-07-23 18:44:19,0.0,,ida,31 - VICENTE DE CARVALHO X ALVORADA (SEMIDIRETO) [IDA],13763.3, 
902013,,43,-22.965595,-43.391879,2023-07-23 19:08:22,0.0,,ida,43 - FUNDÃO X SANTA EFIGENIA (EXPRESSO) [IDA],11571.3, 
902082,,35,-22.876346,-43.330457,2023-07-23 18:45:02,0.0,,ida,35 - MADUREIRA X ALVORADA (PARADOR) [IDA],10216.3, 
903062,,17,-22.920326,-43.607484,2023-07-21 23:11:18,0.0,,ida,17 - SANTA CRUZ X CAMPO GRANDE (PARADOR) [IDA],20054.5,10
902089,,35,-22.876383,-43.329855,2023-07-23 19:26:07,0.0,,ida,35 - MADUREIRA X ALVORADA (PARADOR) [IDA],9311.5, 
903041,,42,-22.876901,-43.33,2023-07-23 17:45:46,0.0,,ida,42 - GALEÃO X MADUREIRA MANANCEIA (PARADOR) [IDA],26887.0, 
903051,,50,-22.973449,-43.365379,2023-07-23 19:28:50,0.0,,ida,50 - SENTIDO JD. OCEANICO (PARADOR) [IDA],30341.1,90
902055,,35,-22.939953,-43.372293,2023-07-23 19:29:01,29.1,,volta,35 - ALVORADA  X  MADUREIRA (PARADOR) [VOLTA],98.0,15
903044,,50,-22.87646,-43.32936,2023-07-23 19:27:14,0.0,,ida,50 - SENTIDO JD. OCEANICO (PARADOR) [IDA],28627.2, 
902086,,31,-22.876353,-43.330214,2023-07-23 18:46:02,0.0,,ida,31 - VICENTE DE CARVALHO X ALVORADA (SEMIDIRETO) [IDA],10828.5, 
903036,,17,-22.907502,-43.575677,2023-07-23 19:29:04,0.0,,ida,17 - SANTA CRUZ X CAMPO GRANDE (PARADOR) [IDA],156250.9,66
902043,,35,-22.877911,-43.336242,2023-07-23 19:28:50,0.0,,ida,35 - MADUREIRA X ALVORADA (PARADOR) [IDA],28468.7,323
902036,,46,-22.844462,-43.301156,2023-07-23 19:29:03,35.0,,volta,46 - ALVORADA X PENHA (EXPRESSO) [VOLTA],31534.4,27
903039,,17,-22.919047,-43.607691,2023-07-23 19:01:31,0.0,,ida,17 - SANTA CRUZ X CAMPO GRANDE (PARADOR) [IDA],17904.4, 
903047,,38,-22.876653,-43.329469,2023-07-23 19:21:40,0.0,,ida,38 - FUNDÃO X ALVORADA (PARADOR) [IDA],22613.9, 
902074,,31,-22.876349,-43.330098,2023-07-23 18:44:01,0.0,,ida,31 - VICENTE DE CARVALHO X ALVORADA (SEMIDIRETO) [IDA],9598.0, 
902039,,35,-22.973386,-43.369176,2023-07-23 19:28:57,49.1,,ida,35 - MADUREIRA X ALVORADA (PARADOR) [IDA],33021.8,90
903040,,17,-22.917775,-43.683344,2023-07-23 19:29:02,9.4,,ida,17 - SANTA CRUZ X CAMPO GRANDE (PARADOR) [IDA],17635.5,14
902044,,35,-22.854386,-43.251637,2023-07-23 19:00:46,0.0,,ida,35 - MADUREIRA X ALVORADA (PARADOR) [IDA],30614.5, 
902038,,43,-22.854339,-43.25184,2023-07-23 19:27:09,0.0,,volta,43 - SANTA EFIGENIA X FUNDÃO (EXPRESSO) [VOLTA],6925.7, 
903048,,42,-22.876302,-43.329449,2023-07-23 19:01:27,0.0,,ida,42 - GALEÃO X MADUREIRA MANANCEIA (PARADOR) [IDA],23999.1, 
902041,,35,-22.854267,-43.251939,2023-07-23 19:11:16,0.0,,ida,35 - MADUREIRA X ALVORADA (PARADOR) [IDA],33642.6, 
903064,,38,-22.876334,-43.329474,2023-07-23 18:35:12,0.0,,ida,38 - FUNDÃO X ALVORADA (PARADOR) [IDA],21653.4, 
902037,,46,-22.854693,-43.251849,2023-07-23 18:31:57,0.0,,ida,46 - PENHA X ALVORADA (EXPRESSO) [IDA],35376.4, 
903069,,17,-22.918401,-43.607132,2023-07-23 19:28:52,0.0,,volta,17 - CAMPO GRANDE  X SANTA CRUZ (PARADOR) [VOLTA],21705.9,171
902034,,46,-22.844912,-43.301589,2023-07-23 19:29:04,30.5,,ida,46 - PENHA X ALVORADA (EXPRESSO) [IDA],34371.5,211
902088,,31,-22.876365,-43.330268,2023-07-23 18:45:21,0.0,,ida,31 - VICENTE DE CARVALHO X ALVORADA (SEMIDIRETO) [IDA],9641.1, 
902042,,35,-22.854385,-43.251972,2023-07-23 18:38:41,0.0,,ida,35 - MADUREIRA X ALVORADA (PARADOR) [IDA],31404.7, 
902040,,46,-22.854706,-43.251674,2023-07-23 19:29:00,0.0,,ida,46 - PENHA X ALVORADA (EXPRESSO) [IDA],34063.0, 
903049,,17,-22.918924,-43.607744,2023-07-23 19:00:19,0.0,,ida,17 - SANTA CRUZ X CAMPO GRANDE (PARADOR) [IDA],22746.2, 
903038,,17,-22.916122,-43.610681,2023-07-23 19:28:47,23.2,,ida,17 - SANTA CRUZ X CAMPO GRANDE (PARADOR) [IDA],25838.0,88
903053,,17,-22.91417,-43.601911,2023-07-23 19:29:01,0.0,,volta,17 - CAMPO GRANDE  X SANTA CRUZ (PARADOR) [VOLTA],20657.3,270
903042,,38,-22.876585,-43.329713,2023-07-23 18:59:17,0.0,,ida,38 - FUNDÃO X ALVORADA (PARADOR) [IDA],28330.1, 
12732,,12,-23.015399,-43.520979,2023-07-23 19:24:39,45.1,,volta,12 - ALVORADA X PINGO D'AGUA (EXPRESSO) [VOLTA],25067.2,268
902087,,35,-22.876352,-43.329988,2023-07-23 19:22:41,0.0,,ida,35 - MADUREIRA X ALVORADA (PARADOR) [IDA],9722.5, 
903050,,42,-22.876832,-43.329743,2023-07-21 15:00:49,0.0,,ida,42 - GALEÃO X MADUREIRA MANANCEIA (PARADOR) [IDA],0.0, 
903067,,17,-22.919067,-43.607992,2023-07-23 18:59:10,0.0,,ida,17 - SANTA CRUZ X CAMPO GRANDE (PARADOR) [IDA],23394.8, 
902076,,46,-22.854793,-43.251881,2023-07-23 19:22:26,0.0,,ida,46 - PENHA X ALVORADA (EXPRESSO) [IDA],27384.3, 
902083,,35,-22.876353,-43.330232,2023-07-23 18:45:26,0.0,,ida,35 - MADUREIRA X ALVORADA (PARADOR) [IDA],4927.5, 
902096,,35,-22.876512,-43.330114,2023-07-23 18:42:13,0.0,,ida,35 - MADUREIRA X ALVORADA (PARADOR) [IDA],13744.2, 
902084,,35,-22.876546,-43.330244,2023-07-23 18:42:45,0.0,,ida,35 - MADUREIRA X ALVORADA (PARADOR) [IDA],11338.2, 
902100,,46,-22.876421,-43.329826,2023-07-23 19:26:41,0.0,,ida,46 - PENHA X ALVORADA (EXPRESSO) [IDA],12957.1, 
903059,,17,-22.901798,-43.554644,2023-07-23 19:26:15,0.0,,volta,17 - CAMPO GRANDE  X SANTA CRUZ (PARADOR) [VOLTA],18158.6,71
903043,,50,-22.876379,-43.329374,2023-07-23 18:32:49,0.0,,ida,50 - SENTIDO JD. OCEANICO (PARADOR) [IDA],29322.1, 
902079,,46,-22.854717,-43.251919,2023-07-23 18:40:22,0.0,,ida,46 - PENHA X ALVORADA (EXPRESSO) [IDA],30366.0, 
903066,,17,-22.919088,-43.607771,2023-07-23 18:59:32,0.0,,ida,17 - SANTA CRUZ X CAMPO GRANDE (PARADOR) [IDA],24183.8, 
902098,,35,-22.876441,-43.330057,2023-07-23 18:43:02,0.0,,ida,35 - MADUREIRA X ALVORADA (PARADOR) [IDA],8321.1, 
902099,,35,-22.87645,-43.32969,2023-07-23 18:30:23,0.0,,ida,35 - MADUREIRA X ALVORADA (PARADOR) [IDA],10914.1, 
902093,,31,-22.876402,-43.330333,2023-07-23 18:45:40,0.0,,ida,31 - VICENTE DE CARVALHO X ALVORADA (SEMIDIRETO) [IDA],8465.8, 
902091,,31,-22.87637,-43.330465,2023-07-23 18:44:34,0.0,,ida,31 - VICENTE DE CARVALHO X ALVORADA (SEMIDIRETO) [IDA],13743.4, 
901099,,52,-22.965302,-43.391704,2023-07-23 19:02:50,0.0,,ida,52 - SENTIDO ALVORADA (PARADOR) [IDA],28654.6, 
903046,,38,-22.876588,-43.329547,2023-07-23 19:20:04,0.0,,ida,38 - FUNDÃO X ALVORADA (PARADOR) [IDA],29402.8, 
902077,,46,-22.854461,-43.251324,2023-07-23 18:31:46,0.0,,ida,46 - PENHA X ALVORADA (EXPRESSO) [IDA],34201.6, 
902104,,31,-22.876384,-43.33049,2023-07-23 18:44:08,0.0,,ida,31 - VICENTE DE CARVALHO X ALVORADA (SEMIDIRETO) [IDA],8023.9, 
902106,,35,-22.876528,-43.330303,2023-07-23 18:42:22,0.0,,ida,35 - MADUREIRA X ALVORADA (PARADOR) [IDA],11721.7, 
902108,,35,-22.876351,-43.330483,2023-07-23 10:41:15,0.0,,ida,35 - MADUREIRA X ALVORADA (PARADOR) [IDA],6810.7, 
902109,,35,-22.876339,-43.329674,2023-07-23 18:34:38,0.0,,ida,35 - MADUREIRA X ALVORADA (PARADOR) [IDA],11202.6, 
903061,,17,-22.923405,-43.648406,2023-07-23 19:28:57,0.0,,volta,17 - CAMPO GRANDE  X SANTA CRUZ (PARADOR) [VOLTA],20766.9,225
903070,,17,-22.920324,-43.607417,2023-07-23 19:09:04,0.0,,ida,17 - SANTA CRUZ X CAMPO GRANDE (PARADOR) [IDA],8920.3, 
86835,,10,-22.919682,-43.607774,2023-07-23 19:28:59,0.0,,ida,10 - SANTA CRUZ X ALVORADA (EXPRESSO) [IDA],12932.5, 
44706,LRG8855,12,-22.91923,-43.607525,2023-07-23 18:45:48,0.0,,ida,12 - PINGO D'AGUA X ALVORADA (EXPRESSO) [IDA],21248.2, 
86887,KRQ6875,10,-23.015868,-43.517266,2023-07-21 19:28:35,33.0,,ida,10 - SANTA CRUZ X ALVORADA (EXPRESSO) [IDA],18572.2,281
50305,,0,-22.919864,-43.60795,2023-06-25 12:02:37,0.0,,,,10004.8, 
903065,,17,-22.918948,-43.607782,2023-07-23 19:12:46,0.0,,ida,17 - SANTA CRUZ X CAMPO GRANDE (PARADOR) [IDA],16317.6, 
